id,full_name,email,phone,position,experience,skills,resume_path,client_ip,user_agent,created_at
1,"f","f@d","","d","4-5","","uploads\1762694420_KaushikM_Resume.pdf","127.0.0.1","Mozilla/5.0 (Windows NT 10.0; Win64; x64; rv:144.0) Gecko/20100101 Firefox/144.0",2025-11-09T07:20:20.914115Z
2,"f","f@d","","d","4-5","","uploads\1762695529_KaushikM_Resume.pdf","127.0.0.1","Mozilla/5.0 (Windows NT 10.0; Win64; x64; rv:144.0) Gecko/20100101 Firefox/144.0",2025-11-09T07:38:49.342659Z
3,"f","f@d","","d","4-5","","uploads\1762695725_KaushikM_Resume.pdf","127.0.0.1","Mozilla/5.0 (Windows NT 10.0; Win64; x64; rv:144.0) Gecko/20100101 Firefox/144.0",2025-11-09T07:42:05.257152Z
4,"f","f@d","","d","4-5","","uploads\1762695891_KaushikM_Resume.pdf","127.0.0.1","Mozilla/5.0 (Windows NT 10.0; Win64; x64; rv:144.0) Gecko/20100101 Firefox/144.0",2025-11-09T07:44:51.194749Z
5,"f","f@ff","","d","0-1","","uploads\1762707289_Code_v2_Notes.txt","127.0.0.1","Mozilla/5.0 (Windows NT 10.0; Win64; x64; rv:144.0) Gecko/20100101 Firefox/144.0",2025-11-09T10:54:49.588272Z
6,"f","f@ff","","d","0-1","","uploads\1762707326_Code_v2_Notes.txt","127.0.0.1","Mozilla/5.0 (Windows NT 10.0; Win64; x64; rv:144.0) Gecko/20100101 Firefox/144.0",2025-11-09T10:55:26.797387Z
7,"f","f@ff","","d","0-1","","uploads\1762707523_Code_v2_Notes.txt","127.0.0.1","Mozilla/5.0 (Windows NT 10.0; Win64; x64; rv:144.0) Gecko/20100101 Firefox/144.0",2025-11-09T10:58:43.448398Z
8,"f","f@ff","","d","0-1","","uploads\1762707536_Code_v2_Notes.txt","127.0.0.1","Mozilla/5.0 (Windows NT 10.0; Win64; x64; rv:144.0) Gecko/20100101 Firefox/144.0",2025-11-09T10:58:56.077866Z
9,"w","ssd@fff","","sdf","0-1","","uploads\1762716280_Code_v2_Notes.txt","127.0.0.1","Mozilla/5.0 (Windows NT 10.0; Win64; x64; rv:144.0) Gecko/20100101 Firefox/144.0",2025-11-09T13:24:40.895907Z
10,"w","ssd@fff","","sdf","0-1","","uploads\1762716324_Code_v2_Notes.txt","127.0.0.1","Mozilla/5.0 (Windows NT 10.0; Win64; x64; rv:144.0) Gecko/20100101 Firefox/144.0",2025-11-09T13:25:24.296939Z
